{"cameraMode":{"drawMode":0,"name":"Shaded","section":"Shading Mode"},"sceneLighting":true,"audioPlay":false,"sceneViewState":{"showFog":true,"showMaterialUpdate":false,"showSkybox":true,"showFlares":true,"showImageEffects":true,"showParticleSystems":true},"in2DMode":false,"pivot":{"x":-0.3837251663208008,"y":6.4487762451171879,"z":31.19188117980957},"rotation":{"x":-0.013337044976651669,"y":-0.6567876935005188,"z":-0.011616844683885575,"w":0.753868043422699},"size":9.346590995788575,"orthographic":false}